model,roc_auc,f1,precision,recall,accuracy
logreg,0.8957561728395061,0.8411523752171959,0.8526919362237223,0.8305555555555555,0.8430555555555556
dt,0.7694444444444445,0.7677991754242024,0.7730518743172864,0.763888888888889,0.7694444444444445
rf,0.9179591049382715,0.8348268958939686,0.8395881595881598,0.8305555555555557,0.836111111111111
svm,0.9185570987654321,0.8547299464994721,0.8690284560965733,0.8416666666666666,0.8569444444444445
